iter	MultiClass
0	2.334981978
1	2.274818215
2	2.222106959
3	2.17870898
4	2.150907594
5	2.123414105
6	2.10026743
7	2.07420667
8	2.058023055
9	2.03723176
10	2.023352263
11	2.009681219
12	1.990976163
13	1.974174373
14	1.958691342
15	1.940598952
16	1.922152309
17	1.904827445
18	1.886535239
19	1.872039359
